{"v":"5.0.1","fr":10,"ip":0,"op":12,"w":60,"h":60,"ddd":0,"assets":[],"layers":[{"ind":1,"nm":"Layer 1","ks":{"p":{"a":0,"k":[30,30]},"a":{"a":0,"k":[25,20,0]},"s":{"a":0,"k":[100,100,100]},"r":{"a":0,"k":0},"o":{"a":0,"k":100}},"ao":0,"ip":0,"op":12,"st":0,"bm":0,"sr":1,"ty":4,"shapes":[{"ty":"gr","it":[{"ty":"sh","d":1,"ks":{"a":0,"k":{"i":[[0,0],[-9.802,0],[0,-10.427],[10.427,0],[2.784,1.617]],"o":[[0.931,-9.557],[10.427,0],[0,10.427],[-3.451,0],[0,0]],"v":[[-18.79,-1.854],[0,-18.88],[18.88,0],[0,18.88],[-9.47,16.337]],"c":false},"hd":false}},{"ty":"st","c":{"a":0,"k":[0.388,0.392,0.4,1]},"o":{"a":0,"k":100},"w":{"a":0,"k":2},"lc":1,"lj":1,"ml":4,"d":[{"n":"d","nm":"dash","v":{"a":0,"k":96.48}},{"n":"g","nm":"gap","v":{"a":0,"k":96.48}},{"n":"o","nm":"offset","v":{"a":1,"k":[{"t":0,"s":[96.48],"i":{"x":[0.07],"y":[1]},"o":{"x":[0.86],"y":[0]},"e":[0]},{"t":8,"s":[0]}]}}]},{"ty":"tr","p":{"a":0,"k":[30.048,20]},"a":{"a":0,"k":[-0.12,0.12]},"s":{"a":0,"k":[100,100]},"r":{"a":0,"k":0},"o":{"a":0,"k":100},"sk":{"a":0,"k":0},"sa":{"a":0,"k":0}}],"nm":"Object","hd":false},{"ty":"gr","it":[{"ty":"sh","d":1,"ks":{"a":0,"k":{"i":[[0,0],[1.655,1.277],[5.72,0],[2.392,-0.966],[0,-0.73],[1.24,-1.91],[-3.588,0]],"o":[[10.896,0],[-2.719,-2.661],[-2.871,0],[0.13,0.709],[0,2.425],[2.893,1.631],[0,0]],"v":[[30.144,39.228],[43.345,31.223],[30.122,26.331],[22.097,27.918],[22.292,30.064],[20.313,36.631],[30.144,39.228]],"c":true},"hd":false}},{"ty":"fl","c":{"a":0,"k":[0.388,0.392,0.4,1]},"hd":false,"o":{"a":0,"k":100},"r":1},{"ty":"tr","p":{"a":0,"k":[25,20]},"a":{"a":0,"k":[25,20]},"s":{"a":0,"k":[100,100]},"r":{"a":0,"k":0},"o":{"a":1,"k":[{"t":5,"s":[0],"i":{"x":[0.175],"y":[1]},"o":{"x":[0.77],"y":[0]},"e":[100]},{"t":12,"s":[100]}]},"sk":{"a":0,"k":0},"sa":{"a":0,"k":0}}],"nm":"Object","hd":false},{"ty":"gr","it":[{"ty":"sh","d":1,"ks":{"a":0,"k":{"i":[[0,0],[0,4.27],[3.871,0],[-0.022,-4.013],[-3.915,0]],"o":[[3.936,0],[0,-4.013],[-3.85,0],[0.021,4.27],[0,0]],"v":[[30.122,22.833],[37.038,15.236],[30.122,7.79],[23.206,15.236],[30.122,22.833]],"c":true},"hd":false}},{"ty":"fl","c":{"a":0,"k":[0.388,0.392,0.4,1]},"hd":false,"o":{"a":0,"k":100},"r":1},{"ty":"tr","p":{"a":0,"k":[25,20]},"a":{"a":0,"k":[25,20]},"s":{"a":0,"k":[100,100]},"r":{"a":0,"k":0},"o":{"a":1,"k":[{"t":5,"s":[0],"i":{"x":[0.175],"y":[1]},"o":{"x":[0.77],"y":[0]},"e":[100]},{"t":12,"s":[100]}]},"sk":{"a":0,"k":0},"sa":{"a":0,"k":0}}],"nm":"Object","hd":false},{"ty":"gr","it":[{"ty":"sh","d":1,"ks":{"a":0,"k":{"i":[[0,0],[0,5.472],[5.502,0],[0,-5.429],[-5.524,0]],"o":[[5.502,0],[0,-5.429],[-5.525,0],[0,5.473],[0,0]],"v":[[10.07,40],[20.139,30.064],[10.07,20.129],[0,30.064],[10.07,40]],"c":true},"hd":false}},{"ty":"sh","d":1,"ks":{"a":0,"k":{"i":[[0,0],[0.348,0.322],[-0.37,0.343],[0,0],[0,0],[-0.304,0.322],[-0.304,-0.322],[0,0],[0,0],[-0.326,-0.322],[0.348,-0.343],[0,0],[0,0],[0.326,-0.3],[0.348,0.322],[0,0],[0,0]],"o":[[-0.369,0.343],[-0.327,-0.343],[0,0],[0,0],[-0.304,-0.322],[0.327,-0.3],[0,0],[0,0],[0.348,-0.343],[0.326,0.344],[0,0],[0,0],[0.326,0.321],[-0.304,0.301],[0,0],[0,0],[0,0]],"v":[[6.546,34.764],[5.307,34.764],[5.307,33.541],[8.852,30.043],[5.502,26.717],[5.502,25.558],[6.677,25.558],[10.048,28.863],[13.593,25.365],[14.811,25.386],[14.833,26.588],[11.288,30.086],[14.615,33.391],[14.615,34.549],[13.441,34.549],[10.113,31.266],[6.546,34.764]],"c":true},"hd":false}},{"ty":"fl","c":{"a":0,"k":[0.388,0.392,0.4,1]},"hd":false,"o":{"a":0,"k":100},"r":1},{"ty":"tr","p":{"a":0,"k":[10.07,30.064]},"a":{"a":0,"k":[10.07,30.064]},"s":{"a":1,"k":[{"t":4,"s":[0,0],"i":{"x":[0.175],"y":[1]},"o":{"x":[0.77],"y":[0]},"e":[110,110]},{"t":10,"s":[110,110],"i":{"x":[0.833],"y":[0.833]},"o":{"x":[0.167],"y":[0.167]},"e":[100,100]},{"t":12,"s":[100,100]}]},"r":{"a":1,"k":[{"t":4,"s":[-169],"i":{"x":[0.175],"y":[1]},"o":{"x":[0.77],"y":[0]},"e":[24]},{"t":10,"s":[24],"i":{"x":[0.833],"y":[0.833]},"o":{"x":[0.167],"y":[0.167]},"e":[0]},{"t":12,"s":[0]}]},"o":{"a":0,"k":100},"sk":{"a":0,"k":0},"sa":{"a":0,"k":0}}],"nm":"Object","hd":false}]}],"markers":[]}