{"v":"5.5.8","fr":29.9700012207031,"ip":0,"op":70.0000028511585,"w":209,"h":267,"nm":"Pre-comp 1","ddd":0,"assets":[{"id":"comp_0","layers":[{"ddd":0,"ind":1,"ty":5,"nm":"!","sr":1,"ks":{"o":{"a":0,"k":100,"ix":11},"r":{"a":0,"k":0,"ix":10},"p":{"a":0,"k":[95.405,118.259,0],"ix":2},"a":{"a":0,"k":[0.013,-3.661,0],"ix":1},"s":{"a":1,"k":[{"i":{"x":[0.34,0.34,0.34],"y":[1,1,1]},"o":{"x":[0.66,0.66,0.66],"y":[0,0,0]},"t":0,"s":[684.536,684.536,100]},{"i":{"x":[0.34,0.34,0.34],"y":[1,1,1]},"o":{"x":[0.66,0.66,0.66],"y":[0,0,0]},"t":10,"s":[740.536,740.536,100]},{"t":22.0000008960784,"s":[684.536,684.536,100]}],"ix":6,"x":"var $bm_rt;\n$bm_rt = loopOut();"}},"ao":0,"t":{"d":{"k":[{"s":{"s":10,"f":"HelveticaRounded-Black","t":"!","j":2,"tr":75,"lh":12,"ls":0,"fc":[0.2627,0.102,0,1]},"t":0}]},"p":{},"m":{"g":1,"a":{"a":0,"k":[0,0],"ix":2}},"a":[]},"ip":0,"op":450.000018328876,"st":0,"bm":0,"completed":true},{"ddd":0,"ind":2,"ty":4,"nm":"Shape Layer 3","sr":1,"ks":{"o":{"a":0,"k":100,"ix":11},"r":{"a":0,"k":0,"ix":10},"p":{"a":0,"k":[98,122,0],"ix":2},"a":{"a":0,"k":[0,0,0],"ix":1},"s":{"a":0,"k":[100,100,100],"ix":6}},"ao":0,"shapes":[{"ty":"gr","it":[{"ind":0,"ty":"sh","ix":1,"ks":{"a":0,"k":{"i":[[70,44.75],[70,60.125],[27.25,93.375],[2.25,93.375]],"o":[[70,44.75],[70,60.125],[27.25,93.375],[2.25,93.375]],"v":[[70,44.75],[70,60.125],[27.25,93.375],[2.25,93.375]],"c":false},"ix":2},"nm":"Path 1","mn":"ADBE Vector Shape - Group","hd":false,"_render":true},{"ty":"st","c":{"a":0,"k":[0.851,0.149,0,1],"ix":3},"o":{"a":0,"k":100,"ix":4},"w":{"a":0,"k":6,"ix":5},"lc":1,"lj":1,"ml":4,"bm":0,"nm":"Stroke 1","mn":"ADBE Vector Graphic - Stroke","hd":false,"_render":true},{"ty":"fl","c":{"a":0,"k":[0.851,0.149,0,1],"ix":4},"o":{"a":0,"k":0,"ix":5},"r":1,"bm":0,"nm":"Fill 1","mn":"ADBE Vector Graphic - Fill","hd":false,"_render":true},{"ty":"tr","p":{"a":0,"k":[0,0],"ix":2},"a":{"a":0,"k":[0,0],"ix":1},"s":{"a":0,"k":[100,100],"ix":3},"r":{"a":0,"k":0,"ix":6},"o":{"a":0,"k":100,"ix":7},"sk":{"a":0,"k":0,"ix":4},"sa":{"a":0,"k":0,"ix":5},"nm":"Transform","_render":true}],"nm":"Shape 1","np":3,"cix":2,"bm":0,"ix":1,"mn":"ADBE Vector Group","hd":false,"_render":true},{"ty":"rd","nm":"Round Corners 1","r":{"a":0,"k":10,"ix":1},"ix":2,"mn":"ADBE Vector Filter - RC","hd":false,"_render":true}],"ip":0,"op":450.000018328876,"st":0,"bm":0,"completed":true},{"ddd":0,"ind":3,"ty":4,"nm":"Shape Layer 4","sr":1,"ks":{"o":{"a":0,"k":100,"ix":11},"r":{"a":0,"k":0,"ix":10},"p":{"a":0,"k":[78.5,101,0],"ix":2},"a":{"a":0,"k":[-14,-11.5,0],"ix":1},"s":{"a":0,"k":[100,100,100],"ix":6}},"ao":0,"shapes":[{"ty":"gr","it":[{"ind":0,"ty":"sh","ix":1,"ks":{"a":0,"k":{"i":[[70,-93.5],[70,67.5],[28,50.5],[33,93.5],[-70,93.5],[-70,-93.5]],"o":[[70,-93.5],[70,67.5],[28,50.5],[33,93.5],[-70,93.5],[-70,-93.5]],"v":[[70,-93.5],[70,67.5],[28,50.5],[33,93.5],[-70,93.5],[-70,-93.5]],"c":true},"ix":2},"nm":"Path 1","mn":"ADBE Vector Shape - Group","hd":false,"_render":true},{"ty":"rd","nm":"Round Corners 1","r":{"a":0,"k":24,"ix":1},"ix":2,"mn":"ADBE Vector Filter - RC","hd":false,"_render":true},{"ty":"tm","s":{"a":0,"k":45,"ix":1},"e":{"a":0,"k":100,"ix":2},"o":{"a":0,"k":20,"ix":3},"m":1,"ix":3,"nm":"Trim Paths 1","mn":"ADBE Vector Filter - Trim","hd":false,"_render":true},{"ty":"st","c":{"a":0,"k":[0.851,0.149,0,1],"ix":3},"o":{"a":0,"k":100,"ix":4},"w":{"a":0,"k":6,"ix":5},"lc":1,"lj":1,"ml":4,"bm":0,"nm":"Stroke 1","mn":"ADBE Vector Graphic - Stroke","hd":false,"_render":true},{"ty":"fl","c":{"a":0,"k":[0.851,0.149,0,1],"ix":4},"o":{"a":0,"k":0,"ix":5},"r":1,"bm":0,"nm":"Fill 1","mn":"ADBE Vector Graphic - Fill","hd":false,"_render":true},{"ty":"tr","p":{"a":0,"k":[-14,-11.5],"ix":2},"a":{"a":0,"k":[0,0],"ix":1},"s":{"a":0,"k":[100,100],"ix":3},"r":{"a":0,"k":0,"ix":6},"o":{"a":0,"k":100,"ix":7},"sk":{"a":0,"k":0,"ix":4},"sa":{"a":0,"k":0,"ix":5},"nm":"Transform","_render":true}],"nm":"Rectangle 1","np":5,"cix":2,"bm":0,"ix":1,"mn":"ADBE Vector Group","hd":false,"_render":true}],"ip":0,"op":450.000018328876,"st":0,"bm":0,"completed":true},{"ddd":0,"ind":4,"ty":4,"nm":"Shape Layer 2","sr":1,"ks":{"o":{"a":0,"k":100,"ix":11},"r":{"a":0,"k":0,"ix":10},"p":{"a":0,"k":[98,122,0],"ix":2},"a":{"a":0,"k":[-14,-11.5,0],"ix":1},"s":{"a":0,"k":[100,100,100],"ix":6}},"ao":0,"shapes":[{"ty":"gr","it":[{"ind":0,"ty":"sh","ix":1,"ks":{"a":0,"k":{"i":[[70,-93.5],[70,67.5],[28,50.5],[33,93.5],[-70,93.5],[-70,-93.5]],"o":[[70,-93.5],[70,67.5],[28,50.5],[33,93.5],[-70,93.5],[-70,-93.5]],"v":[[70,-93.5],[70,67.5],[28,50.5],[33,93.5],[-70,93.5],[-70,-93.5]],"c":true},"ix":2},"nm":"Path 1","mn":"ADBE Vector Shape - Group","hd":false,"_render":true},{"ty":"rd","nm":"Round Corners 1","r":{"a":0,"k":24,"ix":1},"ix":2,"mn":"ADBE Vector Filter - RC","hd":false,"_render":true},{"ty":"st","c":{"a":0,"k":[0.851,0.149,0,1],"ix":3},"o":{"a":0,"k":100,"ix":4},"w":{"a":0,"k":6,"ix":5},"lc":1,"lj":1,"ml":4,"bm":0,"nm":"Stroke 1","mn":"ADBE Vector Graphic - Stroke","hd":false,"_render":true},{"ty":"fl","c":{"a":0,"k":[0.851,0.149,0,1],"ix":4},"o":{"a":0,"k":20,"ix":5},"r":1,"bm":0,"nm":"Fill 1","mn":"ADBE Vector Graphic - Fill","hd":false,"_render":true},{"ty":"tr","p":{"a":0,"k":[-14,-11.5],"ix":2},"a":{"a":0,"k":[0,0],"ix":1},"s":{"a":0,"k":[100,100],"ix":3},"r":{"a":0,"k":0,"ix":6},"o":{"a":0,"k":100,"ix":7},"sk":{"a":0,"k":0,"ix":4},"sa":{"a":0,"k":0,"ix":5},"nm":"Transform","_render":true}],"nm":"Rectangle 1","np":4,"cix":2,"bm":0,"ix":1,"mn":"ADBE Vector Group","hd":false,"_render":true}],"ip":0,"op":450.000018328876,"st":0,"bm":0,"completed":true},{"ddd":0,"ind":5,"ty":4,"nm":"Shape Layer 1","sr":1,"ks":{"o":{"a":0,"k":100,"ix":11},"r":{"a":0,"k":0,"ix":10},"p":{"a":0,"k":[98,122,0],"ix":2},"a":{"a":0,"k":[-14,-11.5,0],"ix":1},"s":{"a":0,"k":[100,100,100],"ix":6}},"ao":0,"shapes":[{"ty":"gr","it":[{"ind":0,"ty":"sh","ix":1,"ks":{"a":0,"k":{"i":[[70,-93.5],[70,67.5],[28,50.5],[33,93.5],[-70,93.5],[-70,-93.5]],"o":[[70,-93.5],[70,67.5],[28,50.5],[33,93.5],[-70,93.5],[-70,-93.5]],"v":[[70,-93.5],[70,67.5],[28,50.5],[33,93.5],[-70,93.5],[-70,-93.5]],"c":true},"ix":2},"nm":"Path 1","mn":"ADBE Vector Shape - Group","hd":false,"_render":true},{"ty":"rd","nm":"Round Corners 1","r":{"a":0,"k":24,"ix":1},"ix":2,"mn":"ADBE Vector Filter - RC","hd":false,"_render":true},{"ty":"st","c":{"a":0,"k":[0.851,0.149,0,1],"ix":3},"o":{"a":0,"k":100,"ix":4},"w":{"a":0,"k":6,"ix":5},"lc":1,"lj":1,"ml":4,"bm":0,"nm":"Stroke 1","mn":"ADBE Vector Graphic - Stroke","hd":false,"_render":true},{"ty":"tr","p":{"a":0,"k":[-14,-11.5],"ix":2},"a":{"a":0,"k":[0,0],"ix":1},"s":{"a":0,"k":[100,100],"ix":3},"r":{"a":0,"k":0,"ix":6},"o":{"a":0,"k":100,"ix":7},"sk":{"a":0,"k":0,"ix":4},"sa":{"a":0,"k":0,"ix":5},"nm":"Transform","_render":true}],"nm":"Rectangle 1","np":3,"cix":2,"bm":0,"ix":1,"mn":"ADBE Vector Group","hd":false,"_render":true}],"ip":0,"op":450.000018328876,"st":0,"bm":0,"completed":true}]}],"fonts":{"list":[{"fName":"HelveticaRounded-Black","fFamily":"Helvetica Rounded Black","fStyle":"Regular","ascent":74.6078491210938},{"fName":"MyriadArabic-Regular","fFamily":"Myriad Arabic","fStyle":"Regular","ascent":50.7125854492188}]},"layers":[{"ddd":0,"ind":2,"ty":4,"nm":"magnifying-glass-finder Outlines","sr":1,"ks":{"o":{"a":0,"k":100,"ix":11},"r":{"a":0,"k":0,"ix":10},"p":{"a":1,"k":[{"i":{"x":0.562,"y":0.562},"o":{"x":0.167,"y":0.167},"t":0,"s":[73,157.5,0],"to":[17.121,0,0],"ti":[0,-17.121,0]},{"i":{"x":0.656,"y":0.656},"o":{"x":0.311,"y":0.311},"t":17.25,"s":[104,188.5,0],"to":[0,17.121,0],"ti":[17.121,0,0]},{"i":{"x":0.689,"y":0.689},"o":{"x":0.343,"y":0.343},"t":34.5,"s":[73,219.5,0],"to":[-17.121,0,0],"ti":[0,17.121,0]},{"i":{"x":0.833,"y":0.833},"o":{"x":0.437,"y":0.437},"t":51.75,"s":[42,188.5,0],"to":[0,-17.121,0],"ti":[-17.121,0,0]},{"t":69.0000028104276,"s":[73,157.5,0]}],"ix":2},"a":{"a":0,"k":[29,29,0],"ix":1},"s":{"a":0,"k":[100,100,100],"ix":6}},"ao":0,"shapes":[{"ty":"gr","it":[{"d":1,"ty":"el","s":{"a":0,"k":[38,38],"ix":2},"p":{"a":0,"k":[0,0],"ix":3},"nm":"Ellipse Path 1","mn":"ADBE Vector Shape - Ellipse","hd":false,"_render":true},{"ty":"st","c":{"a":0,"k":[0.851,0.149,0,1],"ix":3},"o":{"a":0,"k":100,"ix":4},"w":{"a":0,"k":0,"ix":5},"lc":1,"lj":1,"ml":4,"bm":0,"nm":"Stroke 1","mn":"ADBE Vector Graphic - Stroke","hd":false,"_render":true},{"ty":"fl","c":{"a":0,"k":[1,0.6547,0.44,1],"ix":4},"o":{"a":0,"k":34,"ix":5},"r":1,"bm":0,"nm":"Fill 1","mn":"ADBE Vector Graphic - Fill","hd":false,"_render":true},{"ty":"tr","p":{"a":0,"k":[25.5,26],"ix":2},"a":{"a":0,"k":[0,0],"ix":1},"s":{"a":0,"k":[109.033,109.033],"ix":3},"r":{"a":0,"k":0,"ix":6},"o":{"a":0,"k":100,"ix":7},"sk":{"a":0,"k":0,"ix":4},"sa":{"a":0,"k":0,"ix":5},"nm":"Transform","_render":true}],"nm":"Ellipse 1","np":3,"cix":2,"bm":0,"ix":1,"mn":"ADBE Vector Group","hd":false,"_render":true},{"ty":"gr","it":[{"ind":0,"ty":"sh","ix":1,"ks":{"a":0,"k":{"i":[[-22.63,7.922000000000001],[-13.904,-22.252],[16.27,-13.527],[14.745000000000001,5.764000000000001],[10.426,11.136],[1.6069999999999998,16.648]],"o":[[-22.63,-13.527],[7.5440000000000005,-22.252],[16.27,1.6599999999999997],[11.369000000000002,10.135000000000002],[5.988000000000001,14.901],[-13.905,16.647]],"v":[[-22.63,-2.802],[-3.18,-22.252],[16.27,-2.802],[12.207,9.05],[9.38,12.023],[-3.18,16.648]],"c":true},"ix":2},"nm":"Path 1","mn":"ADBE Vector Shape - Group","hd":false,"_render":true},{"ind":1,"ty":"sh","ix":2,"ks":{"a":0,"k":{"i":[[28.979999999999997,23.314999999999998],[17.548,11.882],[22.253,2.6690000000000005],[10.843,-28.238],[-28.616,-16.828],[-17.207,22.631],[8.063,20.621000000000002],[22.229,27.142],[23.918,28.238],[26.788999999999998,27.873]],"o":[[27.519,21.854],[20.5,7.7299999999999995],[22.253,-16.828],[-17.207,-28.238],[-28.616,11.221],[2.677,22.631],[12.368,17.28],[22.959,27.872],[25.831999999999997,28.238],[28.979999999999997,25.683]],"v":[[27.519,21.854],[17.548,11.882],[22.253,-2.803],[-3.182,-28.238],[-28.616,-2.803],[-3.182,22.631],[12.368,17.28],[22.229,27.142],[24.874,28.238],[27.519,27.142]],"c":true},"ix":2},"nm":"Path 2","mn":"ADBE Vector Shape - Group","hd":false,"_render":true},{"ty":"mm","mm":1,"nm":"Merge Paths 1","mn":"ADBE Vector Filter - Merge","hd":false,"_render":true},{"ty":"fl","c":{"a":0,"k":[1,0.6547,0.44,1],"ix":4},"o":{"a":0,"k":100,"ix":5},"r":1,"bm":0,"nm":"Fill 1","mn":"ADBE Vector Graphic - Fill","hd":false,"_render":true},{"ty":"tr","p":{"a":0,"k":[28.615,28.615],"ix":2},"a":{"a":0,"k":[0,0],"ix":1},"s":{"a":0,"k":[100,100],"ix":3},"r":{"a":0,"k":0,"ix":6},"o":{"a":0,"k":100,"ix":7},"sk":{"a":0,"k":0,"ix":4},"sa":{"a":0,"k":0,"ix":5},"nm":"Transform","_render":true}],"nm":"Group 1","np":6,"cix":2,"bm":0,"ix":2,"mn":"ADBE Vector Group","hd":false,"_render":true},{"ty":"gr","it":[{"ind":0,"ty":"sh","ix":1,"ks":{"a":0,"k":{"i":[[0.14300000000000068,-6.499],[-8.81,-5.158],[-7.47,-0.514],[1.103,1.5269999999999997],[4.289,6.499],[6.285,6.401000000000001],[8.81,3.682]],"o":[[-7.47,-6.499],[-8.81,-1.8530000000000002],[-2.1619999999999995,-0.514],[3.225,5.88],[5.838,6.499],[8.192,5.472],[5.473000000000001,-3.1670000000000003]],"v":[[-5.818,-6.499],[-8.81,-3.507],[-5.818,-0.514],[2.706,4.818],[5.397,6.499],[6.706,6.195],[8.085,2.195]],"c":true},"ix":2},"nm":"Path 1","mn":"ADBE Vector Shape - Group","hd":false,"_render":true},{"ty":"fl","c":{"a":0,"k":[1,0.6547,0.44,1],"ix":4},"o":{"a":0,"k":50,"ix":5},"r":1,"bm":0,"nm":"Fill 1","mn":"ADBE Vector Graphic - Fill","hd":false,"_render":true},{"ty":"tr","p":{"a":0,"k":[29.763,15.872],"ix":2},"a":{"a":0,"k":[0,0],"ix":1},"s":{"a":0,"k":[100,100],"ix":3},"r":{"a":0,"k":0,"ix":6},"o":{"a":0,"k":100,"ix":7},"sk":{"a":0,"k":0,"ix":4},"sa":{"a":0,"k":0,"ix":5},"nm":"Transform","_render":true}],"nm":"Group 2","np":2,"cix":2,"bm":0,"ix":3,"mn":"ADBE Vector Group","hd":false,"_render":true}],"ip":0,"op":450.000018328876,"st":0,"bm":0,"completed":true},{"ddd":0,"ind":3,"ty":0,"nm":"data","refId":"comp_0","sr":1,"ks":{"o":{"a":0,"k":100,"ix":11},"r":{"a":0,"k":0,"ix":10},"p":{"a":0,"k":[123,119,0],"ix":2},"a":{"a":0,"k":[98,122,0],"ix":1},"s":{"a":0,"k":[88,88,100],"ix":6}},"ao":0,"w":196,"h":244,"ip":0,"op":450.000018328876,"st":0,"bm":0,"completed":true,"layers":[{"ddd":0,"ind":1,"ty":5,"nm":"!","sr":1,"ks":{"o":{"a":0,"k":100,"ix":11},"r":{"a":0,"k":0,"ix":10},"p":{"a":0,"k":[95.405,118.259,0],"ix":2},"a":{"a":0,"k":[0.013,-3.661,0],"ix":1},"s":{"a":1,"k":[{"i":{"x":[0.34,0.34,0.34],"y":[1,1,1]},"o":{"x":[0.66,0.66,0.66],"y":[0,0,0]},"t":0,"s":[684.536,684.536,100]},{"i":{"x":[0.34,0.34,0.34],"y":[1,1,1]},"o":{"x":[0.66,0.66,0.66],"y":[0,0,0]},"t":10,"s":[740.536,740.536,100]},{"t":22.0000008960784,"s":[684.536,684.536,100]}],"ix":6,"x":"var $bm_rt;\n$bm_rt = loopOut();"}},"ao":0,"t":{"d":{"k":[{"s":{"s":10,"f":"HelveticaRounded-Black","t":"!","j":2,"tr":75,"lh":12,"ls":0,"fc":[0.2627,0.102,0,1]},"t":0}]},"p":{},"m":{"g":1,"a":{"a":0,"k":[0,0],"ix":2}},"a":[]},"ip":0,"op":450.000018328876,"st":0,"bm":0,"completed":true},{"ddd":0,"ind":2,"ty":4,"nm":"Shape Layer 3","sr":1,"ks":{"o":{"a":0,"k":100,"ix":11},"r":{"a":0,"k":0,"ix":10},"p":{"a":0,"k":[98,122,0],"ix":2},"a":{"a":0,"k":[0,0,0],"ix":1},"s":{"a":0,"k":[100,100,100],"ix":6}},"ao":0,"shapes":[{"ty":"gr","it":[{"ind":0,"ty":"sh","ix":1,"ks":{"a":0,"k":{"i":[[70,44.75],[70,60.125],[27.25,93.375],[2.25,93.375]],"o":[[70,44.75],[70,60.125],[27.25,93.375],[2.25,93.375]],"v":[[70,44.75],[70,60.125],[27.25,93.375],[2.25,93.375]],"c":false},"ix":2},"nm":"Path 1","mn":"ADBE Vector Shape - Group","hd":false,"_render":true},{"ty":"st","c":{"a":0,"k":[0.851,0.149,0,1],"ix":3},"o":{"a":0,"k":100,"ix":4},"w":{"a":0,"k":6,"ix":5},"lc":1,"lj":1,"ml":4,"bm":0,"nm":"Stroke 1","mn":"ADBE Vector Graphic - Stroke","hd":false,"_render":true},{"ty":"fl","c":{"a":0,"k":[0.851,0.149,0,1],"ix":4},"o":{"a":0,"k":0,"ix":5},"r":1,"bm":0,"nm":"Fill 1","mn":"ADBE Vector Graphic - Fill","hd":false,"_render":true},{"ty":"tr","p":{"a":0,"k":[0,0],"ix":2},"a":{"a":0,"k":[0,0],"ix":1},"s":{"a":0,"k":[100,100],"ix":3},"r":{"a":0,"k":0,"ix":6},"o":{"a":0,"k":100,"ix":7},"sk":{"a":0,"k":0,"ix":4},"sa":{"a":0,"k":0,"ix":5},"nm":"Transform","_render":true}],"nm":"Shape 1","np":3,"cix":2,"bm":0,"ix":1,"mn":"ADBE Vector Group","hd":false,"_render":true},{"ty":"rd","nm":"Round Corners 1","r":{"a":0,"k":10,"ix":1},"ix":2,"mn":"ADBE Vector Filter - RC","hd":false,"_render":true}],"ip":0,"op":450.000018328876,"st":0,"bm":0,"completed":true},{"ddd":0,"ind":3,"ty":4,"nm":"Shape Layer 4","sr":1,"ks":{"o":{"a":0,"k":100,"ix":11},"r":{"a":0,"k":0,"ix":10},"p":{"a":0,"k":[78.5,101,0],"ix":2},"a":{"a":0,"k":[-14,-11.5,0],"ix":1},"s":{"a":0,"k":[100,100,100],"ix":6}},"ao":0,"shapes":[{"ty":"gr","it":[{"ind":0,"ty":"sh","ix":1,"ks":{"a":0,"k":{"i":[[70,-93.5],[70,67.5],[28,50.5],[33,93.5],[-70,93.5],[-70,-93.5]],"o":[[70,-93.5],[70,67.5],[28,50.5],[33,93.5],[-70,93.5],[-70,-93.5]],"v":[[70,-93.5],[70,67.5],[28,50.5],[33,93.5],[-70,93.5],[-70,-93.5]],"c":true},"ix":2},"nm":"Path 1","mn":"ADBE Vector Shape - Group","hd":false,"_render":true},{"ty":"rd","nm":"Round Corners 1","r":{"a":0,"k":24,"ix":1},"ix":2,"mn":"ADBE Vector Filter - RC","hd":false,"_render":true},{"ty":"tm","s":{"a":0,"k":45,"ix":1},"e":{"a":0,"k":100,"ix":2},"o":{"a":0,"k":20,"ix":3},"m":1,"ix":3,"nm":"Trim Paths 1","mn":"ADBE Vector Filter - Trim","hd":false,"_render":true},{"ty":"st","c":{"a":0,"k":[0.851,0.149,0,1],"ix":3},"o":{"a":0,"k":100,"ix":4},"w":{"a":0,"k":6,"ix":5},"lc":1,"lj":1,"ml":4,"bm":0,"nm":"Stroke 1","mn":"ADBE Vector Graphic - Stroke","hd":false,"_render":true},{"ty":"fl","c":{"a":0,"k":[0.851,0.149,0,1],"ix":4},"o":{"a":0,"k":0,"ix":5},"r":1,"bm":0,"nm":"Fill 1","mn":"ADBE Vector Graphic - Fill","hd":false,"_render":true},{"ty":"tr","p":{"a":0,"k":[-14,-11.5],"ix":2},"a":{"a":0,"k":[0,0],"ix":1},"s":{"a":0,"k":[100,100],"ix":3},"r":{"a":0,"k":0,"ix":6},"o":{"a":0,"k":100,"ix":7},"sk":{"a":0,"k":0,"ix":4},"sa":{"a":0,"k":0,"ix":5},"nm":"Transform","_render":true}],"nm":"Rectangle 1","np":5,"cix":2,"bm":0,"ix":1,"mn":"ADBE Vector Group","hd":false,"_render":true}],"ip":0,"op":450.000018328876,"st":0,"bm":0,"completed":true},{"ddd":0,"ind":4,"ty":4,"nm":"Shape Layer 2","sr":1,"ks":{"o":{"a":0,"k":100,"ix":11},"r":{"a":0,"k":0,"ix":10},"p":{"a":0,"k":[98,122,0],"ix":2},"a":{"a":0,"k":[-14,-11.5,0],"ix":1},"s":{"a":0,"k":[100,100,100],"ix":6}},"ao":0,"shapes":[{"ty":"gr","it":[{"ind":0,"ty":"sh","ix":1,"ks":{"a":0,"k":{"i":[[70,-93.5],[70,67.5],[28,50.5],[33,93.5],[-70,93.5],[-70,-93.5]],"o":[[70,-93.5],[70,67.5],[28,50.5],[33,93.5],[-70,93.5],[-70,-93.5]],"v":[[70,-93.5],[70,67.5],[28,50.5],[33,93.5],[-70,93.5],[-70,-93.5]],"c":true},"ix":2},"nm":"Path 1","mn":"ADBE Vector Shape - Group","hd":false,"_render":true},{"ty":"rd","nm":"Round Corners 1","r":{"a":0,"k":24,"ix":1},"ix":2,"mn":"ADBE Vector Filter - RC","hd":false,"_render":true},{"ty":"st","c":{"a":0,"k":[0.851,0.149,0,1],"ix":3},"o":{"a":0,"k":100,"ix":4},"w":{"a":0,"k":6,"ix":5},"lc":1,"lj":1,"ml":4,"bm":0,"nm":"Stroke 1","mn":"ADBE Vector Graphic - Stroke","hd":false,"_render":true},{"ty":"fl","c":{"a":0,"k":[0.851,0.149,0,1],"ix":4},"o":{"a":0,"k":20,"ix":5},"r":1,"bm":0,"nm":"Fill 1","mn":"ADBE Vector Graphic - Fill","hd":false,"_render":true},{"ty":"tr","p":{"a":0,"k":[-14,-11.5],"ix":2},"a":{"a":0,"k":[0,0],"ix":1},"s":{"a":0,"k":[100,100],"ix":3},"r":{"a":0,"k":0,"ix":6},"o":{"a":0,"k":100,"ix":7},"sk":{"a":0,"k":0,"ix":4},"sa":{"a":0,"k":0,"ix":5},"nm":"Transform","_render":true}],"nm":"Rectangle 1","np":4,"cix":2,"bm":0,"ix":1,"mn":"ADBE Vector Group","hd":false,"_render":true}],"ip":0,"op":450.000018328876,"st":0,"bm":0,"completed":true},{"ddd":0,"ind":5,"ty":4,"nm":"Shape Layer 1","sr":1,"ks":{"o":{"a":0,"k":100,"ix":11},"r":{"a":0,"k":0,"ix":10},"p":{"a":0,"k":[98,122,0],"ix":2},"a":{"a":0,"k":[-14,-11.5,0],"ix":1},"s":{"a":0,"k":[100,100,100],"ix":6}},"ao":0,"shapes":[{"ty":"gr","it":[{"ind":0,"ty":"sh","ix":1,"ks":{"a":0,"k":{"i":[[70,-93.5],[70,67.5],[28,50.5],[33,93.5],[-70,93.5],[-70,-93.5]],"o":[[70,-93.5],[70,67.5],[28,50.5],[33,93.5],[-70,93.5],[-70,-93.5]],"v":[[70,-93.5],[70,67.5],[28,50.5],[33,93.5],[-70,93.5],[-70,-93.5]],"c":true},"ix":2},"nm":"Path 1","mn":"ADBE Vector Shape - Group","hd":false,"_render":true},{"ty":"rd","nm":"Round Corners 1","r":{"a":0,"k":24,"ix":1},"ix":2,"mn":"ADBE Vector Filter - RC","hd":false,"_render":true},{"ty":"st","c":{"a":0,"k":[0.851,0.149,0,1],"ix":3},"o":{"a":0,"k":100,"ix":4},"w":{"a":0,"k":6,"ix":5},"lc":1,"lj":1,"ml":4,"bm":0,"nm":"Stroke 1","mn":"ADBE Vector Graphic - Stroke","hd":false,"_render":true},{"ty":"tr","p":{"a":0,"k":[-14,-11.5],"ix":2},"a":{"a":0,"k":[0,0],"ix":1},"s":{"a":0,"k":[100,100],"ix":3},"r":{"a":0,"k":0,"ix":6},"o":{"a":0,"k":100,"ix":7},"sk":{"a":0,"k":0,"ix":4},"sa":{"a":0,"k":0,"ix":5},"nm":"Transform","_render":true}],"nm":"Rectangle 1","np":3,"cix":2,"bm":0,"ix":1,"mn":"ADBE Vector Group","hd":false,"_render":true}],"ip":0,"op":450.000018328876,"st":0,"bm":0,"completed":true}]},{"ddd":0,"ind":4,"ty":5,"nm":"NO DATA","sr":1,"ks":{"o":{"a":0,"k":100,"ix":11},"r":{"a":0,"k":0,"ix":10},"p":{"a":0,"k":[122.8,246.266,0],"ix":2},"a":{"a":0,"k":[0.625,-7.734,0],"ix":1},"s":{"a":0,"k":[57,57,100],"ix":6}},"ao":0,"t":{"d":{"k":[{"s":{"s":50,"f":"MyriadArabic-Regular","t":"NO DATA","j":2,"tr":0,"lh":60,"ls":0,"fc":[1,0.608,0.52,1]},"t":0}]},"p":{},"m":{"g":1,"a":{"a":0,"k":[0,0],"ix":2}},"a":[]},"ip":0,"op":450.000018328876,"st":0,"bm":0,"completed":true}],"markers":[],"chars":[{"ch":"!","size":10,"style":"Regular","w":37,"data":{"shapes":[{"ty":"gr","it":[{"ind":0,"ty":"sh","ix":1,"ks":{"a":0,"k":{"i":[[7.654,-69.287],[9.366,-43.808],[14.401,-25.681],[24.27,-27.292],[29.608,-54.785000000000004],[26.486,-73.819]],"o":[[7.654,-54.785000000000004],[12.992,-27.292],[22.861,-25.681],[27.896,-43.808],[29.608,-69.287],[10.776,-73.819]],"v":[[7.654,-62.036],[12.186,-30.917],[18.631,-25.681],[25.076,-30.917],[29.608,-62.036],[18.631,-73.819]],"c":true},"ix":2},"nm":"!","mn":"ADBE Vector Shape - Group","hd":false,"_render":true},{"ind":1,"ty":"sh","ix":2,"ks":{"a":0,"k":{"i":[[7.352,-16.919],[12.387,0.604],[29.91,-4.431000000000001],[24.875,-21.954]],"o":[[7.352,-4.431000000000001],[24.875,0.604],[29.91,-16.919],[12.387,-21.954]],"v":[[7.352,-10.675],[18.631,0.604],[29.91,-10.675],[18.631,-21.954]],"c":true},"ix":2},"nm":"!","mn":"ADBE Vector Shape - Group","hd":false,"_render":true},{"p":{"k":[0,0],"a":0},"s":{"k":[10,10],"a":0},"a":{"k":[0,0],"a":0},"r":{"k":0,"a":0},"o":{"k":100,"a":0},"sk":{"k":0,"a":0},"sa":{"k":0,"a":0},"ty":"tr","_render":true}],"nm":"!","np":5,"cix":2,"bm":0,"ix":1,"mn":"ADBE Vector Group","hd":false,"_render":true},{"ty":"no","_render":true}],"ip":0,"op":99999,"st":0,"sr":1,"ks":{"p":{"k":[0,0],"a":0},"s":{"k":[100,100],"a":0},"a":{"k":[0,0],"a":0},"r":{"k":0,"a":0},"o":{"k":100,"a":0}}},"fFamily":"Helvetica Rounded Black"},{"ch":"N","size":50,"style":"Regular","w":47,"data":{"shapes":[{"ty":"gr","it":[{"ind":0,"ty":"sh","ix":1,"ks":{"a":0,"k":{"i":[[5.379,0],[11.331,0],[11.331,-20.654],[11.188,-34.495000000000005],[11.044,-40.663],[16.71,-29.906],[35.428,0],[41.739,0],[41.739,-48.337],[35.858,-48.337],[35.858,-28.041],[36.001000000000005,-14.701],[36.432,-8.104],[31.268,-18.216],[12.263,-48.337],[5.379,-48.337]],"o":[[5.379,0],[11.331,0],[11.331,-28.686],[10.829,-40.591],[13.411000000000001,-35.428],[20.081,-24.527],[35.428,0],[41.739,0],[41.739,-48.337],[35.858,-48.337],[35.858,-20.583],[36.575,-8.247],[34.065000000000005,-13.123999999999999],[27.754,-23.882],[12.263,-48.337],[5.379,-48.337]],"v":[[5.379,0],[11.331,0],[11.331,-20.654],[10.829,-40.591],[11.044,-40.663],[20.081,-24.527],[35.428,0],[41.739,0],[41.739,-48.337],[35.858,-48.337],[35.858,-28.041],[36.575,-8.247],[36.432,-8.104],[27.754,-23.882],[12.263,-48.337],[5.379,-48.337]],"c":true},"ix":2},"nm":"N","mn":"ADBE Vector Shape - Group","hd":false,"_render":true},{"p":{"k":[0,0],"a":0},"s":{"k":[50,50],"a":0},"a":{"k":[0,0],"a":0},"r":{"k":0,"a":0},"o":{"k":100,"a":0},"sk":{"k":0,"a":0},"sa":{"k":0,"a":0},"ty":"tr","_render":true}],"nm":"N","np":3,"cix":2,"bm":0,"ix":1,"mn":"ADBE Vector Group","hd":false,"_render":true},{"ty":"no","_render":true}],"ip":0,"op":99999,"st":0,"sr":1,"ks":{"p":{"k":[0,0],"a":0},"s":{"k":[100,100],"a":0},"a":{"k":[0,0],"a":0},"r":{"k":0,"a":0},"o":{"k":100,"a":0}}},"fFamily":"Myriad Arabic"},{"ch":"O","size":50,"style":"Regular","w":49.21,"data":{"shapes":[{"ty":"gr","it":[{"ind":0,"ty":"sh","ix":1,"ks":{"a":0,"k":{"i":[[11.188,0.789],[46.759,-8.175999999999998],[38.942,-49.126],[2.582,-38.727000000000004]],"o":[[36.504000000000005,0.789],[46.759,-38.224999999999994],[11.833,-49.126],[2.582,-9.467000000000002]],"v":[[24.312,0.789],[46.759,-24.24],[25.172,-49.126],[2.582,-23.882]],"c":true},"ix":2},"nm":"O","mn":"ADBE Vector Shape - Group","hd":false,"_render":true},{"ind":1,"ty":"sh","ix":2,"ks":{"a":0,"k":{"i":[[34.854,-4.303],[9.18,-13.124],[14.702000000000002,-44.034],[40.161,-33.994]],"o":[[14.845000000000002,-4.303],[9.18,-34.926],[35.356,-44.034],[40.161,-13.555000000000001]],"v":[[24.67,-4.303],[9.18,-24.097],[24.742,-44.034],[40.161,-24.097]],"c":true},"ix":2},"nm":"O","mn":"ADBE Vector Shape - Group","hd":false,"_render":true},{"p":{"k":[0,0],"a":0},"s":{"k":[50,50],"a":0},"a":{"k":[0,0],"a":0},"r":{"k":0,"a":0},"o":{"k":100,"a":0},"sk":{"k":0,"a":0},"sa":{"k":0,"a":0},"ty":"tr","_render":true}],"nm":"O","np":5,"cix":2,"bm":0,"ix":1,"mn":"ADBE Vector Group","hd":false,"_render":true},{"ty":"no","_render":true}],"ip":0,"op":99999,"st":0,"sr":1,"ks":{"p":{"k":[0,0],"a":0},"s":{"k":[100,100],"a":0},"a":{"k":[0,0],"a":0},"r":{"k":0,"a":0},"o":{"k":100,"a":0}}},"fFamily":"Myriad Arabic"},{"ch":" ","size":50,"style":"Regular","w":19,"data":{},"fFamily":"Myriad Arabic"},{"ch":"D","size":50,"style":"Regular","w":47.57,"data":{"shapes":[{"ty":"gr","it":[{"ind":0,"ty":"sh","ix":1,"ks":{"a":0,"k":{"i":[[5.379,-0.143],[12.336,0.43],[33.635,-2.008],[45.11,-17.427],[42.599999999999994,-38.727],[27.683,-48.695],[9.251999999999999,-48.265]],"o":[[8.606,0.216],[26.177,0.43],[42.671,-11.044],[45.11,-33.132999999999996],[34.065999999999995,-46.615],[13.77,-48.695],[5.379,-47.691]],"v":[[5.379,-0.143],[16.782,0.43],[38.153,-6.526],[45.11,-25.316],[38.297,-42.671],[18.718,-48.695],[5.379,-47.691]],"c":true},"ix":2},"nm":"D","mn":"ADBE Vector Shape - Group","hd":false,"_render":true},{"ind":1,"ty":"sh","ix":2,"ks":{"a":0,"k":{"i":[[13.267999999999999,-4.6610000000000005],[11.69,-43.102],[15.777999999999999,-43.747],[38.655,-36.504],[31.340000000000003,-4.59]],"o":[[11.69,-4.948],[13.338999999999999,-43.388999999999996],[32.201,-43.747],[38.583,-12.049],[15.563,-4.59]],"v":[[11.69,-4.948],[11.69,-43.102],[19.005,-43.747],[38.583,-25.101],[18.001,-4.59]],"c":true},"ix":2},"nm":"D","mn":"ADBE Vector Shape - Group","hd":false,"_render":true},{"p":{"k":[0,0],"a":0},"s":{"k":[50,50],"a":0},"a":{"k":[0,0],"a":0},"r":{"k":0,"a":0},"o":{"k":100,"a":0},"sk":{"k":0,"a":0},"sa":{"k":0,"a":0},"ty":"tr","_render":true}],"nm":"D","np":5,"cix":2,"bm":0,"ix":1,"mn":"ADBE Vector Group","hd":false,"_render":true},{"ty":"no","_render":true}],"ip":0,"op":99999,"st":0,"sr":1,"ks":{"p":{"k":[0,0],"a":0},"s":{"k":[100,100],"a":0},"a":{"k":[0,0],"a":0},"r":{"k":0,"a":0},"o":{"k":100,"a":0}}},"fFamily":"Myriad Arabic"},{"ch":"A","size":50,"style":"Regular","w":43.71,"data":{"shapes":[{"ty":"gr","it":[{"ind":0,"ty":"sh","ix":1,"ks":{"a":0,"k":{"i":[[1.793,0],[8.319,0],[13.268,-15.204],[30.408,-15.204],[35.571,0],[42.241,0],[25.746,-48.337],[18.216,-48.337]],"o":[[1.793,0],[8.319,0],[13.268,-15.204],[30.408,-15.204],[35.571,0],[42.241,0],[25.746,-48.337],[18.216,-48.337]],"v":[[1.793,0],[8.319,0],[13.268,-15.204],[30.408,-15.204],[35.571,0],[42.241,0],[25.746,-48.337],[18.216,-48.337]],"c":true},"ix":2},"nm":"A","mn":"ADBE Vector Shape - Group","hd":false,"_render":true},{"ind":1,"ty":"sh","ix":2,"ks":{"a":0,"k":{"i":[[14.558,-20.081],[19.292,-34.065],[21.013,-39.946],[21.873,-42.815],[23.308,-37.15],[29.117,-20.081]],"o":[[14.558,-20.081],[20.224,-37.004999999999995],[21.658,-42.815],[22.59,-40.018],[24.384,-33.994],[29.117,-20.081]],"v":[[14.558,-20.081],[19.292,-34.065],[21.658,-42.815],[21.873,-42.815],[24.384,-33.994],[29.117,-20.081]],"c":true},"ix":2},"nm":"A","mn":"ADBE Vector Shape - Group","hd":false,"_render":true},{"p":{"k":[0,0],"a":0},"s":{"k":[50,50],"a":0},"a":{"k":[0,0],"a":0},"r":{"k":0,"a":0},"o":{"k":100,"a":0},"sk":{"k":0,"a":0},"sa":{"k":0,"a":0},"ty":"tr","_render":true}],"nm":"A","np":5,"cix":2,"bm":0,"ix":1,"mn":"ADBE Vector Group","hd":false,"_render":true},{"ty":"no","_render":true}],"ip":0,"op":99999,"st":0,"sr":1,"ks":{"p":{"k":[0,0],"a":0},"s":{"k":[100,100],"a":0},"a":{"k":[0,0],"a":0},"r":{"k":0,"a":0},"o":{"k":100,"a":0}}},"fFamily":"Myriad Arabic"},{"ch":"T","size":50,"style":"Regular","w":38.14,"data":{"shapes":[{"ty":"gr","it":[{"ind":0,"ty":"sh","ix":1,"ks":{"a":0,"k":{"i":[[14.63,0],[20.941,0],[20.941,-43.03],[35.715,-43.03],[35.715,-48.337],[-0.072,-48.337],[-0.072,-43.03],[14.63,-43.03]],"o":[[14.63,0],[20.941,0],[20.941,-43.03],[35.715,-43.03],[35.715,-48.337],[-0.072,-48.337],[-0.072,-43.03],[14.63,-43.03]],"v":[[14.63,0],[20.941,0],[20.941,-43.03],[35.715,-43.03],[35.715,-48.337],[-0.072,-48.337],[-0.072,-43.03],[14.63,-43.03]],"c":true},"ix":2},"nm":"T","mn":"ADBE Vector Shape - Group","hd":false,"_render":true},{"p":{"k":[0,0],"a":0},"s":{"k":[50,50],"a":0},"a":{"k":[0,0],"a":0},"r":{"k":0,"a":0},"o":{"k":100,"a":0},"sk":{"k":0,"a":0},"sa":{"k":0,"a":0},"ty":"tr","_render":true}],"nm":"T","np":3,"cix":2,"bm":0,"ix":1,"mn":"ADBE Vector Group","hd":false,"_render":true},{"ty":"no","_render":true}],"ip":0,"op":99999,"st":0,"sr":1,"ks":{"p":{"k":[0,0],"a":0},"s":{"k":[100,100],"a":0},"a":{"k":[0,0],"a":0},"r":{"k":0,"a":0},"o":{"k":100,"a":0}}},"fFamily":"Myriad Arabic"}],"__complete":true}